"","SITE","SUBSITE","PLOT","SPECIES_NAME","SumAbund"
"1","ATQASUK","AD","ADC01","Alectoria nigricans",5
"2","ATQASUK","AD","ADC01","Cassiope tetragona",5
"3","ATQASUK","AD","ADC01","Cetraria cucullata",6
"4","ATQASUK","AD","ADC01","Diapensia lapponica",6
"5","ATQASUK","AD","ADC01","Dicranum acutifolium",1
"6","ATQASUK","AD","ADC01","Ledum palustre",6
"7","ATQASUK","AD","ADC01","Luzula confusa",4
"8","ATQASUK","AD","ADC01","Salix phlebophylla",5
"9","ATQASUK","AD","ADC01","Vaccinium vitis-idaea",17
"10","ATQASUK","AD","ADC02","Alectoria nigricans",4
"11","ATQASUK","AD","ADC02","Alectoria ochroleuca",1
"12","ATQASUK","AD","ADC02","Carex bigelowii",6
"13","ATQASUK","AD","ADC02","Cassiope tetragona",4
"14","ATQASUK","AD","ADC02","Cetraria cucullata",4
"15","ATQASUK","AD","ADC02","Diapensia lapponica",5
"16","ATQASUK","AD","ADC02","Dicranum acutifolium",2
"17","ATQASUK","AD","ADC02","Ledum palustre",11
"18","ATQASUK","AD","ADC02","Luzula confusa",2
"19","ATQASUK","AD","ADC02","Persicaria bistorta",1
"20","ATQASUK","AD","ADC02","Salix phlebophylla",6
"21","ATQASUK","AD","ADC02","Sphaerophorus globosus",2
"22","ATQASUK","AD","ADC02","Vaccinium vitis-idaea",19
"23","ATQASUK","AD","ADC03","Alectoria nigricans",7
"24","ATQASUK","AD","ADC03","Carex bigelowii",29
"25","ATQASUK","AD","ADC03","Cassiope tetragona",2
"26","ATQASUK","AD","ADC03","Cetraria cucullata",4
"27","ATQASUK","AD","ADC03","Cetraria laevigata",3
"28","ATQASUK","AD","ADC03","Dactylina arctica",1
"29","ATQASUK","AD","ADC03","Diapensia lapponica",2
"30","ATQASUK","AD","ADC03","Dicranum acutifolium",6
"31","ATQASUK","AD","ADC03","Ledum palustre",1
"32","ATQASUK","AD","ADC03","Luzula confusa",6
"33","ATQASUK","AD","ADC03","Persicaria bistorta",1
"34","ATQASUK","AD","ADC03","Salix phlebophylla",3
"35","ATQASUK","AD","ADC03","Sphaerophorus globosus",1
"36","ATQASUK","AD","ADC03","Trisetum spicatum",5
"37","ATQASUK","AD","ADC03","Vaccinium vitis-idaea",28
"38","ATQASUK","AD","ADC04","Alectoria nigricans",1
"39","ATQASUK","AD","ADC04","Cassiope tetragona",1
"40","ATQASUK","AD","ADC04","Cetraria cucullata",3
"41","ATQASUK","AD","ADC04","Cetraria laevigata",1
"42","ATQASUK","AD","ADC04","Dicranum acutifolium",3
"43","ATQASUK","AD","ADC04","Hierochloe alpina",9
"44","ATQASUK","AD","ADC04","Ledum palustre",5
"45","ATQASUK","AD","ADC04","Luzula confusa",3
"46","ATQASUK","AD","ADC04","Sphaerophorus globosus",1
"47","ATQASUK","AD","ADC04","Trisetum spicatum",8
"48","ATQASUK","AD","ADC04","Vaccinium vitis-idaea",8
"49","ATQASUK","AD","ADC05","Alectoria nigricans",6
"50","ATQASUK","AD","ADC05","Carex bigelowii",9
"51","ATQASUK","AD","ADC05","Cassiope tetragona",4
"52","ATQASUK","AD","ADC05","Cetraria cucullata",10
"53","ATQASUK","AD","ADC05","Cetraria laevigata",3
"54","ATQASUK","AD","ADC05","Cetraria nivalis",2
"55","ATQASUK","AD","ADC05","Dactylina arctica",3
"56","ATQASUK","AD","ADC05","Diapensia lapponica",3
"57","ATQASUK","AD","ADC05","Dicranum acutifolium",3
"58","ATQASUK","AD","ADC05","Dicranum elongatum",2
"59","ATQASUK","AD","ADC05","Ledum palustre",8
"60","ATQASUK","AD","ADC05","Luzula confusa",13
"61","ATQASUK","AD","ADC05","Sphaerophorus globosus",4
"62","ATQASUK","AD","ADC05","Trisetum spicatum",3
"63","ATQASUK","AD","ADC05","Vaccinium vitis-idaea",12
"64","ATQASUK","AD","ADC06","Alectoria nigricans",3
"65","ATQASUK","AD","ADC06","Cassiope tetragona",1
"66","ATQASUK","AD","ADC06","Cetraria cucullata",4
"67","ATQASUK","AD","ADC06","Cetraria laevigata",2
"68","ATQASUK","AD","ADC06","Cetraria nivalis",2
"69","ATQASUK","AD","ADC06","Hierochloe alpina",4
"70","ATQASUK","AD","ADC06","Ledum palustre",4
"71","ATQASUK","AD","ADC06","Luzula confusa",6
"72","ATQASUK","AD","ADC06","Salix phlebophylla",1
"73","ATQASUK","AD","ADC06","Sphaerophorus globosus",5
"74","ATQASUK","AD","ADC06","Trisetum spicatum",3
"75","ATQASUK","AD","ADC06","Vaccinium vitis-idaea",9
"76","ATQASUK","AD","ADC07","Alectoria nigricans",7
"77","ATQASUK","AD","ADC07","Alectoria ochroleuca",1
"78","ATQASUK","AD","ADC07","Carex bigelowii",9
"79","ATQASUK","AD","ADC07","Cassiope tetragona",3
"80","ATQASUK","AD","ADC07","Cetraria cucullata",8
"81","ATQASUK","AD","ADC07","Cetraria nivalis",1
"82","ATQASUK","AD","ADC07","Diapensia lapponica",3
"83","ATQASUK","AD","ADC07","Ledum palustre",13
"84","ATQASUK","AD","ADC07","Luzula confusa",21
"85","ATQASUK","AD","ADC07","Sphaerophorus globosus",10
"86","ATQASUK","AD","ADC07","Trisetum spicatum",4
"87","ATQASUK","AD","ADC07","Vaccinium vitis-idaea",9
"88","ATQASUK","AD","ADC08","Alectoria nigricans",5
"89","ATQASUK","AD","ADC08","Carex bigelowii",10
"90","ATQASUK","AD","ADC08","Cassiope tetragona",8
"91","ATQASUK","AD","ADC08","Cetraria cucullata",7
"92","ATQASUK","AD","ADC08","Cetraria laevigata",1
"93","ATQASUK","AD","ADC08","Dactylina arctica",1
"94","ATQASUK","AD","ADC08","Diapensia lapponica",1
"95","ATQASUK","AD","ADC08","Dicranum spadiceum",2
"96","ATQASUK","AD","ADC08","Hierochloe alpina",1
"97","ATQASUK","AD","ADC08","Ledum palustre",21
"98","ATQASUK","AD","ADC08","Luzula confusa",12
"99","ATQASUK","AD","ADC08","Salix phlebophylla",2
"100","ATQASUK","AD","ADC08","Sphaerophorus globosus",1
"101","ATQASUK","AD","ADC08","Trisetum spicatum",8
"102","ATQASUK","AD","ADC08","Vaccinium vitis-idaea",11
"103","ATQASUK","AD","ADC09","Alectoria nigricans",7
"104","ATQASUK","AD","ADC09","Cassiope tetragona",5
"105","ATQASUK","AD","ADC09","Cetraria cucullata",5
"106","ATQASUK","AD","ADC09","Cetraria laevigata",1
"107","ATQASUK","AD","ADC09","Cetraria nivalis",3
"108","ATQASUK","AD","ADC09","Cladonia crustose",1
"109","ATQASUK","AD","ADC09","Diapensia lapponica",7
"110","ATQASUK","AD","ADC09","Dicranum spadiceum",1
"111","ATQASUK","AD","ADC09","Hierochloe alpina",11
"112","ATQASUK","AD","ADC09","Ledum palustre",9
"113","ATQASUK","AD","ADC09","Luzula confusa",2
"114","ATQASUK","AD","ADC09","Sphaerophorus globosus",5
"115","ATQASUK","AD","ADC09","Vaccinium vitis-idaea",3
"116","ATQASUK","AD","ADC10","Alectoria nigricans",1
"117","ATQASUK","AD","ADC10","Carex bigelowii",1
"118","ATQASUK","AD","ADC10","Cassiope tetragona",1
"119","ATQASUK","AD","ADC10","Cetraria cucullata",3
"120","ATQASUK","AD","ADC10","Cetraria laevigata",1
"121","ATQASUK","AD","ADC10","Cetraria nivalis",1
"122","ATQASUK","AD","ADC10","Cladonia crustose",2
"123","ATQASUK","AD","ADC10","Cladonia uncialis",1
"124","ATQASUK","AD","ADC10","Diapensia lapponica",1
"125","ATQASUK","AD","ADC10","Dicranum spadiceum",1
"126","ATQASUK","AD","ADC10","Hierochloe alpina",4
"127","ATQASUK","AD","ADC10","Ledum palustre",16
"128","ATQASUK","AD","ADC10","Luzula confusa",2
"129","ATQASUK","AD","ADC10","Persicaria bistorta",2
"130","ATQASUK","AD","ADC10","Salix phlebophylla",7
"131","ATQASUK","AD","ADC10","Sphaerophorus globosus",9
"132","ATQASUK","AD","ADC10","Vaccinium vitis-idaea",4
"133","ATQASUK","AD","ADC11","Alectoria nigricans",7
"134","ATQASUK","AD","ADC11","Cassiope tetragona",3
"135","ATQASUK","AD","ADC11","Cetraria cucullata",5
"136","ATQASUK","AD","ADC11","Cetraria laevigata",4
"137","ATQASUK","AD","ADC11","Cetraria nivalis",1
"138","ATQASUK","AD","ADC11","Cladonia crustose",1
"139","ATQASUK","AD","ADC11","Cladonia gracilis",1
"140","ATQASUK","AD","ADC11","Dactylina arctica",1
"141","ATQASUK","AD","ADC11","Diapensia lapponica",1
"142","ATQASUK","AD","ADC11","Hierochloe alpina",2
"143","ATQASUK","AD","ADC11","Ledum palustre",4
"144","ATQASUK","AD","ADC11","Luzula confusa",3
"145","ATQASUK","AD","ADC11","Persicaria bistorta",3
"146","ATQASUK","AD","ADC11","Sphaerophorus globosus",4
"147","ATQASUK","AD","ADC11","Vaccinium vitis-idaea",11
"148","ATQASUK","AD","ADC12","Alectoria nigricans",2
"149","ATQASUK","AD","ADC12","Alectoria ochroleuca",1
"150","ATQASUK","AD","ADC12","Cassiope tetragona",7
"151","ATQASUK","AD","ADC12","Cetraria cucullata",5
"152","ATQASUK","AD","ADC12","Cetraria nivalis",2
"153","ATQASUK","AD","ADC12","Cornicularia divergens",2
"154","ATQASUK","AD","ADC12","Diapensia lapponica",4
"155","ATQASUK","AD","ADC12","Dicranum spadiceum",1
"156","ATQASUK","AD","ADC12","Hierochloe alpina",1
"157","ATQASUK","AD","ADC12","Ledum palustre",4
"158","ATQASUK","AD","ADC12","Luzula confusa",2
"159","ATQASUK","AD","ADC12","Persicaria bistorta",4
"160","ATQASUK","AD","ADC12","Sphaerophorus globosus",7
"161","ATQASUK","AD","ADC12","Trisetum spicatum",2
"162","ATQASUK","AD","ADC12","Vaccinium vitis-idaea",4
"163","ATQASUK","AD","ADC13","Alectoria nigricans",3
"164","ATQASUK","AD","ADC13","Antennaria friesiana",2
"165","ATQASUK","AD","ADC13","Cassiope tetragona",2
"166","ATQASUK","AD","ADC13","Cetraria cucullata",8
"167","ATQASUK","AD","ADC13","Cetraria nivalis",1
"168","ATQASUK","AD","ADC13","Cladina mitis",1
"169","ATQASUK","AD","ADC13","Diapensia lapponica",3
"170","ATQASUK","AD","ADC13","Dicranum spadiceum",2
"171","ATQASUK","AD","ADC13","Hierochloe alpina",10
"172","ATQASUK","AD","ADC13","Ledum palustre",17
"173","ATQASUK","AD","ADC13","Luzula confusa",1
"174","ATQASUK","AD","ADC13","Minuartia obtusiloba",1
"175","ATQASUK","AD","ADC13","Persicaria bistorta",2
"176","ATQASUK","AD","ADC13","Trisetum spicatum",14
"177","ATQASUK","AD","ADC13","Vaccinium vitis-idaea",13
"178","ATQASUK","AD","ADC14","Alectoria nigricans",1
"179","ATQASUK","AD","ADC14","Alectoria ochroleuca",3
"180","ATQASUK","AD","ADC14","Cassiope tetragona",4
"181","ATQASUK","AD","ADC14","Cetraria cucullata",4
"182","ATQASUK","AD","ADC14","Cetraria nivalis",2
"183","ATQASUK","AD","ADC14","Diapensia lapponica",3
"184","ATQASUK","AD","ADC14","Hierochloe alpina",5
"185","ATQASUK","AD","ADC14","Ledum palustre",4
"186","ATQASUK","AD","ADC14","Minuartia obtusiloba",1
"187","ATQASUK","AD","ADC14","Persicaria bistorta",2
"188","ATQASUK","AD","ADC14","Sphaerophorus globosus",2
"189","ATQASUK","AD","ADC14","Vaccinium vitis-idaea",10
"190","ATQASUK","AD","ADC15","Alectoria nigricans",9
"191","ATQASUK","AD","ADC15","Alectoria ochroleuca",2
"192","ATQASUK","AD","ADC15","Antennaria friesiana",1
"193","ATQASUK","AD","ADC15","Cassiope tetragona",9
"194","ATQASUK","AD","ADC15","Cetraria cucullata",7
"195","ATQASUK","AD","ADC15","Cetraria delisei",1
"196","ATQASUK","AD","ADC15","Cetraria laevigata",1
"197","ATQASUK","AD","ADC15","Cetraria nivalis",1
"198","ATQASUK","AD","ADC15","Cladina rangiferina",1
"199","ATQASUK","AD","ADC15","Cladonia pyxidata",2
"200","ATQASUK","AD","ADC15","Dactylina arctica",2
"201","ATQASUK","AD","ADC15","Diapensia lapponica",7
"202","ATQASUK","AD","ADC15","Dicranum spadiceum",1
"203","ATQASUK","AD","ADC15","Hierochloe alpina",6
"204","ATQASUK","AD","ADC15","Ledum palustre",1
"205","ATQASUK","AD","ADC15","Luzula confusa",4
"206","ATQASUK","AD","ADC15","Sphaerophorus globosus",7
"207","ATQASUK","AD","ADC15","Vaccinium vitis-idaea",23
"208","ATQASUK","AD","ADC16","Alectoria nigricans",5
"209","ATQASUK","AD","ADC16","Alectoria ochroleuca",2
"210","ATQASUK","AD","ADC16","Cassiope tetragona",3
"211","ATQASUK","AD","ADC16","Cetraria cucullata",8
"212","ATQASUK","AD","ADC16","Cetraria nivalis",1
"213","ATQASUK","AD","ADC16","Diapensia lapponica",6
"214","ATQASUK","AD","ADC16","Hierochloe alpina",8
"215","ATQASUK","AD","ADC16","Ledum palustre",8
"216","ATQASUK","AD","ADC16","Luzula confusa",3
"217","ATQASUK","AD","ADC16","Sphaerophorus globosus",1
"218","ATQASUK","AD","ADC16","Trisetum spicatum",4
"219","ATQASUK","AD","ADC16","Vaccinium vitis-idaea",12
"220","ATQASUK","AD","ADC17","Alectoria nigricans",1
"221","ATQASUK","AD","ADC17","Cassiope tetragona",3
"222","ATQASUK","AD","ADC17","Cetraria cucullata",3
"223","ATQASUK","AD","ADC17","Cetraria nivalis",1
"224","ATQASUK","AD","ADC17","Dactylina arctica",2
"225","ATQASUK","AD","ADC17","Hierochloe alpina",9
"226","ATQASUK","AD","ADC17","Ledum palustre",15
"227","ATQASUK","AD","ADC17","Luzula confusa",20
"228","ATQASUK","AD","ADC17","Sphaerophorus globosus",2
"229","ATQASUK","AD","ADC17","Trisetum spicatum",10
"230","ATQASUK","AD","ADC17","Vaccinium vitis-idaea",17
"231","ATQASUK","AD","ADC18","Alectoria nigricans",5
"232","ATQASUK","AD","ADC18","Alectoria ochroleuca",2
"233","ATQASUK","AD","ADC18","Aulacomnium turgidum",1
"234","ATQASUK","AD","ADC18","Cassiope tetragona",4
"235","ATQASUK","AD","ADC18","Cetraria cucullata",14
"236","ATQASUK","AD","ADC18","Cetraria laevigata",2
"237","ATQASUK","AD","ADC18","Cetraria nivalis",1
"238","ATQASUK","AD","ADC18","Dicranum spadiceum",6
"239","ATQASUK","AD","ADC18","Hierochloe alpina",4
"240","ATQASUK","AD","ADC18","Ledum palustre",9
"241","ATQASUK","AD","ADC18","Luzula confusa",9
"242","ATQASUK","AD","ADC18","Persicaria bistorta",5
"243","ATQASUK","AD","ADC18","Racomitrium lanuginosum",1
"244","ATQASUK","AD","ADC18","Trisetum spicatum",5
"245","ATQASUK","AD","ADC18","Vaccinium vitis-idaea",19
"246","ATQASUK","AD","ADC19","Alectoria nigricans",2
"247","ATQASUK","AD","ADC19","Alectoria ochroleuca",4
"248","ATQASUK","AD","ADC19","Cassiope tetragona",18
"249","ATQASUK","AD","ADC19","Cetraria cucullata",7
"250","ATQASUK","AD","ADC19","Cetraria nivalis",1
"251","ATQASUK","AD","ADC19","Cladina rangiferina",2
"252","ATQASUK","AD","ADC19","Cladonia gracilis",1
"253","ATQASUK","AD","ADC19","Dactylina arctica",2
"254","ATQASUK","AD","ADC19","Diapensia lapponica",5
"255","ATQASUK","AD","ADC19","Hierochloe alpina",15
"256","ATQASUK","AD","ADC19","Ledum palustre",7
"257","ATQASUK","AD","ADC19","Luzula confusa",5
"258","ATQASUK","AD","ADC19","Persicaria bistorta",10
"259","ATQASUK","AD","ADC19","Sphaerophorus globosus",3
"260","ATQASUK","AD","ADC19","Trisetum spicatum",4
"261","ATQASUK","AD","ADC19","Vaccinium vitis-idaea",22
"262","ATQASUK","AD","ADC20","Alectoria nigricans",1
"263","ATQASUK","AD","ADC20","Alectoria ochroleuca",7
"264","ATQASUK","AD","ADC20","Cassiope tetragona",2
"265","ATQASUK","AD","ADC20","Cetraria cucullata",17
"266","ATQASUK","AD","ADC20","Cetraria islandica",4
"267","ATQASUK","AD","ADC20","Cetraria nivalis",5
"268","ATQASUK","AD","ADC20","Cladina mitis",3
"269","ATQASUK","AD","ADC20","Cladina rangiferina",7
"270","ATQASUK","AD","ADC20","Cladonia gracilis",1
"271","ATQASUK","AD","ADC20","Cornicularia divergens",2
"272","ATQASUK","AD","ADC20","Dactylina arctica",2
"273","ATQASUK","AD","ADC20","Diapensia lapponica",2
"274","ATQASUK","AD","ADC20","Hierochloe alpina",15
"275","ATQASUK","AD","ADC20","Ledum palustre",22
"276","ATQASUK","AD","ADC20","Luzula confusa",7
"277","ATQASUK","AD","ADC20","Sphaerophorus globosus",3
"278","ATQASUK","AD","ADC20","Trisetum spicatum",9
"279","ATQASUK","AD","ADC20","Vaccinium vitis-idaea",30
"280","ATQASUK","AD","ADC21","Alectoria nigricans",4
"281","ATQASUK","AD","ADC21","Alectoria ochroleuca",1
"282","ATQASUK","AD","ADC21","Cassiope tetragona",2
"283","ATQASUK","AD","ADC21","Cetraria cucullata",12
"284","ATQASUK","AD","ADC21","Cetraria nivalis",3
"285","ATQASUK","AD","ADC21","Cladonia coccifera",1
"286","ATQASUK","AD","ADC21","Cladonia gracilis",2
"287","ATQASUK","AD","ADC21","Diapensia lapponica",2
"288","ATQASUK","AD","ADC21","Hierochloe alpina",5
"289","ATQASUK","AD","ADC21","Ledum palustre",7
"290","ATQASUK","AD","ADC21","Luzula confusa",1
"291","ATQASUK","AD","ADC21","Sphaerophorus globosus",2
"292","ATQASUK","AD","ADC21","Trisetum spicatum",7
"293","ATQASUK","AD","ADC21","Vaccinium vitis-idaea",7
"294","ATQASUK","AD","ADC22","Alectoria nigricans",1
"295","ATQASUK","AD","ADC22","Alectoria ochroleuca",4
"296","ATQASUK","AD","ADC22","Cassiope tetragona",15
"297","ATQASUK","AD","ADC22","Cetraria cucullata",7
"298","ATQASUK","AD","ADC22","Cetraria islandica",1
"299","ATQASUK","AD","ADC22","Cetraria nivalis",4
"300","ATQASUK","AD","ADC22","Cladina mitis",6
"301","ATQASUK","AD","ADC22","Cladina rangiferina",4
"302","ATQASUK","AD","ADC22","Cladonia pyxidata",1
"303","ATQASUK","AD","ADC22","Cladonia squasmosa",3
"304","ATQASUK","AD","ADC22","Cladonia uncialis",1
"305","ATQASUK","AD","ADC22","Cornicularia divergens",2
"306","ATQASUK","AD","ADC22","Dactylina arctica",2
"307","ATQASUK","AD","ADC22","Diapensia lapponica",4
"308","ATQASUK","AD","ADC22","Hierochloe alpina",2
"309","ATQASUK","AD","ADC22","Ledum palustre",16
"310","ATQASUK","AD","ADC22","Luzula confusa",3
"311","ATQASUK","AD","ADC22","Sphaerophorus globosus",5
"312","ATQASUK","AD","ADC22","Trisetum spicatum",21
"313","ATQASUK","AD","ADC22","Vaccinium vitis-idaea",14
"314","ATQASUK","AD","ADC23","Alectoria nigricans",4
"315","ATQASUK","AD","ADC23","Alectoria ochroleuca",6
"316","ATQASUK","AD","ADC23","Cassiope tetragona",3
"317","ATQASUK","AD","ADC23","Cetraria cucullata",20
"318","ATQASUK","AD","ADC23","Cetraria laevigata",4
"319","ATQASUK","AD","ADC23","Cetraria nivalis",2
"320","ATQASUK","AD","ADC23","Cladina rangiferina",1
"321","ATQASUK","AD","ADC23","Cornicularia divergens",4
"322","ATQASUK","AD","ADC23","Dactylina arctica",1
"323","ATQASUK","AD","ADC23","Diapensia lapponica",4
"324","ATQASUK","AD","ADC23","Hierochloe alpina",3
"325","ATQASUK","AD","ADC23","Ledum palustre",10
"326","ATQASUK","AD","ADC23","Luzula nivalis",1
"327","ATQASUK","AD","ADC23","Luzula confusa",11
"328","ATQASUK","AD","ADC23","Sphaerophorus globosus",5
"329","ATQASUK","AD","ADC23","Trisetum spicatum",13
"330","ATQASUK","AD","ADC23","Vaccinium vitis-idaea",20
"331","ATQASUK","AD","ADC24","Alectoria nigricans",1
"332","ATQASUK","AD","ADC24","Alectoria ochroleuca",1
"333","ATQASUK","AD","ADC24","Carex bigelowii",28
"334","ATQASUK","AD","ADC24","Cassiope tetragona",1
"335","ATQASUK","AD","ADC24","Cetraria cucullata",6
"336","ATQASUK","AD","ADC24","Cladina mitis",1
"337","ATQASUK","AD","ADC24","Cladina rangiferina",1
"338","ATQASUK","AD","ADC24","Dicranum spadiceum",5
"339","ATQASUK","AD","ADC24","Ledum palustre",11
"340","ATQASUK","AD","ADC24","Luzula confusa",3
"341","ATQASUK","AD","ADC24","Trisetum spicatum",19
"342","ATQASUK","AD","ADC24","Vaccinium vitis-idaea",25
"343","ATQASUK","AW","AWC01","Aulacomnium turgidum",18
"344","ATQASUK","AW","AWC01","Betula nana",8
"345","ATQASUK","AW","AWC01","Carex aquatilis",44
"346","ATQASUK","AW","AWC01","Carex rariflora",21
"347","ATQASUK","AW","AWC01","Eriophorum angustifolium",11
"348","ATQASUK","AW","AWC01","Eriophorum scheuchzeri/chamissonis",11
"349","ATQASUK","AW","AWC01","Oncophorus wahlenbergii",14
"350","ATQASUK","AW","AWC01","Pedicularis sudetica",1
"351","ATQASUK","AW","AWC01","Salix polaris",5
"352","ATQASUK","AW","AWC01","Salix pulchra",14
"353","ATQASUK","AW","AWC02","Aulacomnium palustre",13
"354","ATQASUK","AW","AWC02","Aulacomnium turgidum",10
"355","ATQASUK","AW","AWC02","Carex aquatilis",39
"356","ATQASUK","AW","AWC02","Eriophorum angustifolium",6
"357","ATQASUK","AW","AWC02","Eriophorum scheuchzeri/chamissonis",18
"358","ATQASUK","AW","AWC02","Oncophorus wahlenbergii",14
"359","ATQASUK","AW","AWC02","Pedicularis sudetica",1
"360","ATQASUK","AW","AWC02","Persicaria vivipara",3
"361","ATQASUK","AW","AWC02","Salix pulchra",37
"362","ATQASUK","AW","AWC03","Aulacomnium palustre",1
"363","ATQASUK","AW","AWC03","Aulacomnium turgidum",10
"364","ATQASUK","AW","AWC03","Betula nana",30
"365","ATQASUK","AW","AWC03","Carex aquatilis",45
"366","ATQASUK","AW","AWC03","Carex rariflora",2
"367","ATQASUK","AW","AWC03","Eriophorum angustifolium",23
"368","ATQASUK","AW","AWC03","Eriophorum scheuchzeri/chamissonis",11
"369","ATQASUK","AW","AWC03","Oncophorus wahlenbergii",14
"370","ATQASUK","AW","AWC03","Salix polaris",8
"371","ATQASUK","AW","AWC03","Salix pulchra",6
"372","ATQASUK","AW","AWC04","Aulacomnium turgidum",5
"373","ATQASUK","AW","AWC04","Betula nana",10
"374","ATQASUK","AW","AWC04","Carex aquatilis",31
"375","ATQASUK","AW","AWC04","Carex rariflora",2
"376","ATQASUK","AW","AWC04","Eriophorum angustifolium",5
"377","ATQASUK","AW","AWC04","Eriophorum scheuchzeri/chamissonis",13
"378","ATQASUK","AW","AWC04","Oncophorus wahlenbergii",27
"379","ATQASUK","AW","AWC04","Pedicularis sudetica",1
"380","ATQASUK","AW","AWC04","Salix polaris",4
"381","ATQASUK","AW","AWC04","Salix pulchra",43
"382","ATQASUK","AW","AWC05","Aulacomnium turgidum",1
"383","ATQASUK","AW","AWC05","Carex aquatilis",62
"384","ATQASUK","AW","AWC05","Dupontia fisheri",1
"385","ATQASUK","AW","AWC05","Eriophorum angustifolium",14
"386","ATQASUK","AW","AWC05","Eriophorum scheuchzeri/chamissonis",10
"387","ATQASUK","AW","AWC05","Gymnocolea inflata",1
"388","ATQASUK","AW","AWC05","Oncophorus wahlenbergii",2
"389","ATQASUK","AW","AWC05","Ptychostomum capillare",2
"390","ATQASUK","AW","AWC05","Rhytidium rugosum",1
"391","ATQASUK","AW","AWC05","Salix polaris",9
"392","ATQASUK","AW","AWC05","Salix pulchra",16
"393","ATQASUK","AW","AWC06","Aulacomnium turgidum",15
"394","ATQASUK","AW","AWC06","Carex aquatilis",63
"395","ATQASUK","AW","AWC06","Dupontia fisheri",1
"396","ATQASUK","AW","AWC06","Eriophorum angustifolium",2
"397","ATQASUK","AW","AWC06","Eriophorum scheuchzeri/chamissonis",9
"398","ATQASUK","AW","AWC06","Loeskypnum badium",2
"399","ATQASUK","AW","AWC06","Luzula wahlenbergii",2
"400","ATQASUK","AW","AWC06","Oncophorus wahlenbergii",7
"401","ATQASUK","AW","AWC06","Pedicularis sudetica",3
"402","ATQASUK","AW","AWC06","Ptilidium ciliare",4
"403","ATQASUK","AW","AWC06","Rhytidium rugosum",6
"404","ATQASUK","AW","AWC06","Salix polaris",21
"405","ATQASUK","AW","AWC06","Salix pulchra",1
"406","ATQASUK","AW","AWC07","Carex aquatilis",61
"407","ATQASUK","AW","AWC07","Eriophorum angustifolium",5
"408","ATQASUK","AW","AWC07","Eriophorum scheuchzeri/chamissonis",16
"409","ATQASUK","AW","AWC07","Loeskypnum badium",8
"410","ATQASUK","AW","AWC07","Oncophorus wahlenbergii",34
"411","ATQASUK","AW","AWC07","Ptilidium ciliare",12
"412","ATQASUK","AW","AWC07","Salix polaris",10
"413","ATQASUK","AW","AWC07","Salix pulchra",14
"414","ATQASUK","AW","AWC08","Aulacomnium turgidum",6
"415","ATQASUK","AW","AWC08","Carex aquatilis",24
"416","ATQASUK","AW","AWC08","Dupontia fisheri",1
"417","ATQASUK","AW","AWC08","Eriophorum angustifolium",23
"418","ATQASUK","AW","AWC08","Eriophorum scheuchzeri/chamissonis",22
"419","ATQASUK","AW","AWC08","Gymnocolea inflata",6
"420","ATQASUK","AW","AWC08","Oncophorus wahlenbergii",24
"421","ATQASUK","AW","AWC08","Rhytidium rugosum",4
"422","ATQASUK","AW","AWC08","Salix polaris",5
"423","ATQASUK","AW","AWC08","Salix pulchra",34
"424","ATQASUK","AW","AWC09","Aulacomnium turgidum",15
"425","ATQASUK","AW","AWC09","Carex aquatilis",67
"426","ATQASUK","AW","AWC09","Dupontia fisheri",2
"427","ATQASUK","AW","AWC09","Eriophorum angustifolium",29
"428","ATQASUK","AW","AWC09","Eriophorum scheuchzeri/chamissonis",5
"429","ATQASUK","AW","AWC09","Gymnocolea inflata",1
"430","ATQASUK","AW","AWC09","Oncophorus wahlenbergii",7
"431","ATQASUK","AW","AWC09","Salix polaris",11
"432","ATQASUK","AW","AWC09","Salix pulchra",7
"433","ATQASUK","AW","AWC10","Aulacomnium turgidum",1
"434","ATQASUK","AW","AWC10","Carex aquatilis",53
"435","ATQASUK","AW","AWC10","Dupontia fisheri",1
"436","ATQASUK","AW","AWC10","Eriophorum angustifolium",25
"437","ATQASUK","AW","AWC10","Eriophorum scheuchzeri/chamissonis",7
"438","ATQASUK","AW","AWC10","Oncophorus wahlenbergii",25
"439","ATQASUK","AW","AWC10","Salix polaris",5
"440","ATQASUK","AW","AWC10","Salix pulchra",18
"441","ATQASUK","AW","AWC11","Aulacomnium turgidum",6
"442","ATQASUK","AW","AWC11","Carex aquatilis",72
"443","ATQASUK","AW","AWC11","Dupontia fisheri",1
"444","ATQASUK","AW","AWC11","Eriophorum angustifolium",9
"445","ATQASUK","AW","AWC11","Eriophorum scheuchzeri/chamissonis",6
"446","ATQASUK","AW","AWC11","Oncophorus wahlenbergii",26
"447","ATQASUK","AW","AWC11","Salix polaris",6
"448","ATQASUK","AW","AWC11","Salix pulchra",5
"449","ATQASUK","AW","AWC12","Carex aquatilis",82
"450","ATQASUK","AW","AWC12","Eriophorum angustifolium",2
"451","ATQASUK","AW","AWC12","Eriophorum scheuchzeri/chamissonis",3
"452","ATQASUK","AW","AWC12","Gymnocolea inflata",2
"453","ATQASUK","AW","AWC12","Oncophorus wahlenbergii",1
"454","ATQASUK","AW","AWC12","Salix polaris",1
"455","ATQASUK","AW","AWC12","Salix pulchra",2
"456","ATQASUK","AW","AWC13","Aulacomnium turgidum",2
"457","ATQASUK","AW","AWC13","Carex aquatilis",81
"458","ATQASUK","AW","AWC13","Carex rariflora",4
"459","ATQASUK","AW","AWC13","Dupontia fisheri",1
"460","ATQASUK","AW","AWC13","Eriophorum angustifolium",1
"461","ATQASUK","AW","AWC13","Eriophorum scheuchzeri/chamissonis",2
"462","ATQASUK","AW","AWC13","Gymnocolea inflata",2
"463","ATQASUK","AW","AWC13","Oncophorus wahlenbergii",11
"464","ATQASUK","AW","AWC13","Salix polaris",17
"465","ATQASUK","AW","AWC13","Salix pulchra",2
"466","ATQASUK","AW","AWC14","Aulacomnium turgidum",2
"467","ATQASUK","AW","AWC14","Carex aquatilis",43
"468","ATQASUK","AW","AWC14","Carex rariflora",1
"469","ATQASUK","AW","AWC14","Carex rotundata",8
"470","ATQASUK","AW","AWC14","Eriophorum angustifolium",23
"471","ATQASUK","AW","AWC14","Eriophorum scheuchzeri/chamissonis",5
"472","ATQASUK","AW","AWC14","Gymnocolea inflata",5
"473","ATQASUK","AW","AWC14","Oncophorus wahlenbergii",2
"474","ATQASUK","AW","AWC14","Salix polaris",3
"475","ATQASUK","AW","AWC14","Salix pulchra",17
"476","ATQASUK","AW","AWC15","Aulacomnium turgidum",5
"477","ATQASUK","AW","AWC15","Carex aquatilis",54
"478","ATQASUK","AW","AWC15","Eriophorum angustifolium",50
"479","ATQASUK","AW","AWC15","Eriophorum scheuchzeri/chamissonis",3
"480","ATQASUK","AW","AWC15","Gymnocolea inflata",4
"481","ATQASUK","AW","AWC15","Oncophorus wahlenbergii",10
"482","ATQASUK","AW","AWC15","Salix pulchra",14
"483","ATQASUK","AW","AWC16","Aulacomnium turgidum",2
"484","ATQASUK","AW","AWC16","Carex aquatilis",37
"485","ATQASUK","AW","AWC16","Dupontia fisheri",3
"486","ATQASUK","AW","AWC16","Eriophorum angustifolium",29
"487","ATQASUK","AW","AWC16","Eriophorum scheuchzeri/chamissonis",3
"488","ATQASUK","AW","AWC16","Gymnocolea inflata",1
"489","ATQASUK","AW","AWC16","Oncophorus wahlenbergii",10
"490","ATQASUK","AW","AWC16","Persicaria vivipara",1
"491","ATQASUK","AW","AWC16","Salix polaris",10
"492","ATQASUK","AW","AWC16","Salix pulchra",14
"493","ATQASUK","AW","AWC17","Aulacomnium turgidum",6
"494","ATQASUK","AW","AWC17","Carex aquatilis",39
"495","ATQASUK","AW","AWC17","Carex rariflora",2
"496","ATQASUK","AW","AWC17","Dupontia fisheri",2
"497","ATQASUK","AW","AWC17","Eriophorum angustifolium",45
"498","ATQASUK","AW","AWC17","Eriophorum scheuchzeri/chamissonis",6
"499","ATQASUK","AW","AWC17","Gymnocolea inflata",5
"500","ATQASUK","AW","AWC17","Oncophorus wahlenbergii",9
"501","ATQASUK","AW","AWC17","Salix polaris",10
"502","ATQASUK","AW","AWC17","Salix pulchra",7
"503","ATQASUK","AW","AWC18","Carex aquatilis",72
"504","ATQASUK","AW","AWC18","Carex rotundata",2
"505","ATQASUK","AW","AWC18","Eriophorum angustifolium",22
"506","ATQASUK","AW","AWC18","Eriophorum scheuchzeri/chamissonis",1
"507","ATQASUK","AW","AWC18","Gymnocolea inflata",25
"508","ATQASUK","AW","AWC18","Salix polaris",2
"509","ATQASUK","AW","AWC18","Salix pulchra",3
"510","ATQASUK","AW","AWC19","Carex aquatilis",53
"511","ATQASUK","AW","AWC19","Carex rotundata",3
"512","ATQASUK","AW","AWC19","Dupontia fisheri",1
"513","ATQASUK","AW","AWC19","Eriophorum angustifolium",37
"514","ATQASUK","AW","AWC19","Eriophorum scheuchzeri/chamissonis",12
"515","ATQASUK","AW","AWC19","Salix polaris",1
"516","ATQASUK","AW","AWC19","Salix pulchra",1
"517","ATQASUK","AW","AWC19","Salix rotundifolia",1
"518","ATQASUK","AW","AWC20","Aulacomnium turgidum",1
"519","ATQASUK","AW","AWC20","Carex aquatilis",59
"520","ATQASUK","AW","AWC20","Dupontia fisheri",2
"521","ATQASUK","AW","AWC20","Eriophorum angustifolium",13
"522","ATQASUK","AW","AWC20","Eriophorum scheuchzeri/chamissonis",5
"523","ATQASUK","AW","AWC20","Gymnocolea inflata",35
"524","ATQASUK","AW","AWC20","Persicaria vivipara",1
"525","ATQASUK","AW","AWC20","Salix pulchra",18
"526","ATQASUK","AW","AWC21","Carex aquatilis",76
"527","ATQASUK","AW","AWC21","Dupontia fisheri",1
"528","ATQASUK","AW","AWC21","Eriophorum angustifolium",4
"529","ATQASUK","AW","AWC21","Eriophorum scheuchzeri/chamissonis",6
"530","ATQASUK","AW","AWC21","Gymnocolea inflata",16
"531","ATQASUK","AW","AWC22","Carex aquatilis",51
"532","ATQASUK","AW","AWC22","Eriophorum angustifolium",10
"533","ATQASUK","AW","AWC22","Eriophorum scheuchzeri/chamissonis",6
"534","ATQASUK","AW","AWC22","Gymnocolea inflata",15
"535","ATQASUK","AW","AWC23","Aulacomnium turgidum",3
"536","ATQASUK","AW","AWC23","Carex aquatilis",32
"537","ATQASUK","AW","AWC23","Carex rotundata",2
"538","ATQASUK","AW","AWC23","Dupontia fisheri",1
"539","ATQASUK","AW","AWC23","Eriophorum angustifolium",14
"540","ATQASUK","AW","AWC23","Eriophorum scheuchzeri/chamissonis",3
"541","ATQASUK","AW","AWC23","Oncophorus wahlenbergii",23
"542","ATQASUK","AW","AWC23","Salix polaris",7
"543","ATQASUK","AW","AWC23","Salix pulchra",8
"544","ATQASUK","AW","AWC24","Aulacomnium turgidum",8
"545","ATQASUK","AW","AWC24","Carex aquatilis",37
"546","ATQASUK","AW","AWC24","Dupontia fisheri",5
"547","ATQASUK","AW","AWC24","Eriophorum angustifolium",15
"548","ATQASUK","AW","AWC24","Eriophorum scheuchzeri/chamissonis",5
"549","ATQASUK","AW","AWC24","Gymnocolea inflata",5
"550","ATQASUK","AW","AWC24","Oncophorus wahlenbergii",20
"551","ATQASUK","AW","AWC24","Pedicularis sudetica",2
"552","ATQASUK","AW","AWC24","Salix polaris",12
"553","ATQASUK","AW","AWC24","Salix pulchra",1
"554","BARROW","BD","BDC01","Alectoria nigricans",3
"555","BARROW","BD","BDC01","Arctagrostis latifolia",1
"556","BARROW","BD","BDC01","Aulacomnium palustre",2
"557","BARROW","BD","BDC01","Aulacomnium turgidum",9
"558","BARROW","BD","BDC01","Cassiope tetragona",15
"559","BARROW","BD","BDC01","Cetraria cucullata",4
"560","BARROW","BD","BDC01","Cetraria delisei",2
"561","BARROW","BD","BDC01","Cetraria laevigata",1
"562","BARROW","BD","BDC01","Cladonia uncialis",1
"563","BARROW","BD","BDC01","Cornicularia divergens",1
"564","BARROW","BD","BDC01","Dactylina arctica",7
"565","BARROW","BD","BDC01","Dicranum spadiceum",5
"566","BARROW","BD","BDC01","Dupontia fisheri",4
"567","BARROW","BD","BDC01","Hylocomium splendens",2
"568","BARROW","BD","BDC01","Luzula confusa",1
"569","BARROW","BD","BDC01","Peltigera canina",4
"570","BARROW","BD","BDC01","Poa arctica",1
"571","BARROW","BD","BDC01","Potentilla hyparctica",3
"572","BARROW","BD","BDC01","Racomitrium lanuginosum",1
"573","BARROW","BD","BDC01","Salix rotundifolia",29
"574","BARROW","BD","BDC01","Sphaerophorus globosus",1
"575","BARROW","BD","BDC02","Alectoria nigricans",2
"576","BARROW","BD","BDC02","Alopecurus alpinus",10
"577","BARROW","BD","BDC02","Arctagrostis latifolia",10
"578","BARROW","BD","BDC02","Aulacomnium turgidum",3
"579","BARROW","BD","BDC02","Carex aquatilis var. minor",13
"580","BARROW","BD","BDC02","Cassiope tetragona",24
"581","BARROW","BD","BDC02","Cetraria cucullata",11
"582","BARROW","BD","BDC02","Cetraria laevigata",4
"583","BARROW","BD","BDC02","Dactylina arctica",7
"584","BARROW","BD","BDC02","Dicranum elongatum",1
"585","BARROW","BD","BDC02","Dicranum spadiceum",4
"586","BARROW","BD","BDC02","Dupontia fisheri",3
"587","BARROW","BD","BDC02","Luzula confusa",5
"588","BARROW","BD","BDC02","Peltigera aphthosa",2
"589","BARROW","BD","BDC02","Poa arctica",14
"590","BARROW","BD","BDC02","Potentilla hyparctica",1
"591","BARROW","BD","BDC02","Racomitrium lanuginosum",1
"592","BARROW","BD","BDC02","Salix rotundifolia",29
"593","BARROW","BD","BDC02","Saxifraga cernua",1
"594","BARROW","BD","BDC02","Saxifraga punctata",2
"595","BARROW","BD","BDC02","Sphaerophorus globosus",1
"596","BARROW","BD","BDC02","Stellaria longipes",1
"597","BARROW","BD","BDC02","Tomentypnum nitens",1
"598","BARROW","BD","BDC03","Alectoria nigricans",11
"599","BARROW","BD","BDC03","Alopecurus alpinus",2
"600","BARROW","BD","BDC03","Arctagrostis latifolia",3
"601","BARROW","BD","BDC03","Cassiope tetragona",18
"602","BARROW","BD","BDC03","Cetraria cucullata",9
"603","BARROW","BD","BDC03","Cetraria laevigata",1
"604","BARROW","BD","BDC03","Cladonia pyxidata",1
"605","BARROW","BD","BDC03","Cornicularia divergens",4
"606","BARROW","BD","BDC03","Dactylina arctica",7
"607","BARROW","BD","BDC03","Dicranum spadiceum",3
"608","BARROW","BD","BDC03","Dupontia fisheri",1
"609","BARROW","BD","BDC03","Hylocomium splendens",2
"610","BARROW","BD","BDC03","Luzula confusa",12
"611","BARROW","BD","BDC03","Peltigera rufescens",1
"612","BARROW","BD","BDC03","Poa arctica",18
"613","BARROW","BD","BDC03","Racomitrium lanuginosum",3
"614","BARROW","BD","BDC03","Salix rotundifolia",19
"615","BARROW","BD","BDC03","Saxifraga punctata",2
"616","BARROW","BD","BDC03","Sphaerophorus globosus",4
"617","BARROW","BD","BDC03","Stellaria longipes",5
"618","BARROW","BD","BDC03","Tomentypnum nitens",1
"619","BARROW","BD","BDC04","Alectoria nigricans",7
"620","BARROW","BD","BDC04","Arctagrostis latifolia",6
"621","BARROW","BD","BDC04","Aulacomnium turgidum",2
"622","BARROW","BD","BDC04","Cassiope tetragona",44
"623","BARROW","BD","BDC04","Cetraria cucullata",4
"624","BARROW","BD","BDC04","Cetraria delisei",2
"625","BARROW","BD","BDC04","Cetraria laevigata",4
"626","BARROW","BD","BDC04","Cetraria nivalis",1
"627","BARROW","BD","BDC04","Cornicularia divergens",2
"628","BARROW","BD","BDC04","Dactylina arctica",9
"629","BARROW","BD","BDC04","Dicranum spadiceum",1
"630","BARROW","BD","BDC04","Hylocomium splendens",4
"631","BARROW","BD","BDC04","Luzula confusa",7
"632","BARROW","BD","BDC04","Peltigera leucophlebia",3
"633","BARROW","BD","BDC04","Poa arctica",10
"634","BARROW","BD","BDC04","Potentilla hyparctica",4
"635","BARROW","BD","BDC04","Racomitrium lanuginosum",2
"636","BARROW","BD","BDC04","Salix rotundifolia",27
"637","BARROW","BD","BDC04","Sphaerophorus globosus",2
"638","BARROW","BD","BDC04","Stellaria longipes",1
"639","BARROW","BD","BDC05","Alectoria nigricans",6
"640","BARROW","BD","BDC05","Arctagrostis latifolia",10
"641","BARROW","BD","BDC05","Cassiope tetragona",28
"642","BARROW","BD","BDC05","Cetraria cucullata",4
"643","BARROW","BD","BDC05","Cetraria laevigata",2
"644","BARROW","BD","BDC05","Cladonia uncialis",1
"645","BARROW","BD","BDC05","Cornicularia divergens",1
"646","BARROW","BD","BDC05","Dactylina arctica",12
"647","BARROW","BD","BDC05","Dicranum spadiceum",3
"648","BARROW","BD","BDC05","Dupontia fisheri",1
"649","BARROW","BD","BDC05","Hylocomium splendens",29
"650","BARROW","BD","BDC05","Luzula confusa",10
"651","BARROW","BD","BDC05","Poa arctica",4
"652","BARROW","BD","BDC05","Potentilla hyparctica",4
"653","BARROW","BD","BDC05","Salix rotundifolia",21
"654","BARROW","BD","BDC05","Stellaria longipes",4
"655","BARROW","BD","BDC05","Tephroseris integrifolia subsp. atropurpurea",3
"656","BARROW","BD","BDC06","Alectoria nigricans",11
"657","BARROW","BD","BDC06","Arctagrostis latifolia",2
"658","BARROW","BD","BDC06","Aulacomnium turgidum",1
"659","BARROW","BD","BDC06","Carex aquatilis var. minor",2
"660","BARROW","BD","BDC06","Cassiope tetragona",26
"661","BARROW","BD","BDC06","Cetraria cucullata",2
"662","BARROW","BD","BDC06","Cetraria ericetorum",3
"663","BARROW","BD","BDC06","Cetraria laevigata",2
"664","BARROW","BD","BDC06","Cladina rangiferina",1
"665","BARROW","BD","BDC06","Cladonia gracilis",3
"666","BARROW","BD","BDC06","Cornicularia divergens",3
"667","BARROW","BD","BDC06","Dactylina arctica",3
"668","BARROW","BD","BDC06","Dicranum spadiceum",3
"669","BARROW","BD","BDC06","Hylocomium splendens",29
"670","BARROW","BD","BDC06","Luzula nivalis",1
"671","BARROW","BD","BDC06","Luzula confusa",4
"672","BARROW","BD","BDC06","Peltigera aphthosa",1
"673","BARROW","BD","BDC06","Poa arctica",1
"674","BARROW","BD","BDC06","Potentilla hyparctica",1
"675","BARROW","BD","BDC06","Racomitrium lanuginosum",8
"676","BARROW","BD","BDC06","Salix rotundifolia",13
"677","BARROW","BD","BDC06","Saxifraga punctata",3
"678","BARROW","BD","BDC06","Sphaerophorus globosus",3
"679","BARROW","BD","BDC07","Alectoria nigricans",5
"680","BARROW","BD","BDC07","Arctagrostis latifolia",6
"681","BARROW","BD","BDC07","Aulacomnium turgidum",2
"682","BARROW","BD","BDC07","Carex aquatilis var. minor",1
"683","BARROW","BD","BDC07","Cassiope tetragona",28
"684","BARROW","BD","BDC07","Cetraria cucullata",9
"685","BARROW","BD","BDC07","Cetraria delisei",2
"686","BARROW","BD","BDC07","Cetraria ericetorum",3
"687","BARROW","BD","BDC07","Cetraria laevigata",4
"688","BARROW","BD","BDC07","Cladina rangiferina",1
"689","BARROW","BD","BDC07","Cornicularia divergens",2
"690","BARROW","BD","BDC07","Dactylina arctica",10
"691","BARROW","BD","BDC07","Hylocomium splendens",24
"692","BARROW","BD","BDC07","Luzula confusa",3
"693","BARROW","BD","BDC07","Peltigera aphthosa",1
"694","BARROW","BD","BDC07","Peltigera rufescens",1
"695","BARROW","BD","BDC07","Poa arctica",10
"696","BARROW","BD","BDC07","Potentilla hyparctica",1
"697","BARROW","BD","BDC07","Racomitrium lanuginosum",1
"698","BARROW","BD","BDC07","Salix rotundifolia",25
"699","BARROW","BD","BDC07","Stellaria longipes",6
"700","BARROW","BD","BDC07","Tephroseris integrifolia subsp. atropurpurea",1
"701","BARROW","BD","BDC08","Alectoria nigricans",4
"702","BARROW","BD","BDC08","Aulacomnium turgidum",1
"703","BARROW","BD","BDC08","Carex aquatilis var. minor",2
"704","BARROW","BD","BDC08","Cassiope tetragona",32
"705","BARROW","BD","BDC08","Cetraria cucullata",1
"706","BARROW","BD","BDC08","Cetraria delisei",2
"707","BARROW","BD","BDC08","Cetraria laevigata",1
"708","BARROW","BD","BDC08","Cornicularia divergens",1
"709","BARROW","BD","BDC08","Dactylina arctica",9
"710","BARROW","BD","BDC08","Hylocomium splendens",2
"711","BARROW","BD","BDC08","Luzula confusa",8
"712","BARROW","BD","BDC08","Peltigera aphthosa",9
"713","BARROW","BD","BDC08","Poa arctica",14
"714","BARROW","BD","BDC08","Racomitrium lanuginosum",4
"715","BARROW","BD","BDC08","Rhytidium rugosum",2
"716","BARROW","BD","BDC08","Salix rotundifolia",34
"717","BARROW","BD","BDC08","Saxifraga punctata",6
"718","BARROW","BD","BDC08","Stellaria longipes",3
"719","BARROW","BD","BDC09","Alectoria nigricans",6
"720","BARROW","BD","BDC09","Arctagrostis latifolia",2
"721","BARROW","BD","BDC09","Cassiope tetragona",28
"722","BARROW","BD","BDC09","Cetraria cucullata",2
"723","BARROW","BD","BDC09","Cetraria laevigata",4
"724","BARROW","BD","BDC09","Cornicularia divergens",2
"725","BARROW","BD","BDC09","Dactylina arctica",10
"726","BARROW","BD","BDC09","Hylocomium splendens",1
"727","BARROW","BD","BDC09","Luzula confusa",1
"728","BARROW","BD","BDC09","Pedicularis lanata",3
"729","BARROW","BD","BDC09","Peltigera rufescens",1
"730","BARROW","BD","BDC09","Poa arctica",36
"731","BARROW","BD","BDC09","Potentilla hyparctica",3
"732","BARROW","BD","BDC09","Salix rotundifolia",26
"733","BARROW","BD","BDC09","Saxifraga punctata",2
"734","BARROW","BD","BDC09","Stellaria longipes",3
"735","BARROW","BD","BDC10","Alectoria nigricans",1
"736","BARROW","BD","BDC10","Arctagrostis latifolia",2
"737","BARROW","BD","BDC10","Cassiope tetragona",35
"738","BARROW","BD","BDC10","Dactylina arctica",7
"739","BARROW","BD","BDC10","Dicranum spadiceum",2
"740","BARROW","BD","BDC10","Dupontia fisheri",3
"741","BARROW","BD","BDC10","Hylocomium splendens",10
"742","BARROW","BD","BDC10","Luzula confusa",4
"743","BARROW","BD","BDC10","Papaver lapponicum",1
"744","BARROW","BD","BDC10","Pedicularis lanata",4
"745","BARROW","BD","BDC10","Poa arctica",16
"746","BARROW","BD","BDC10","Potentilla hyparctica",5
"747","BARROW","BD","BDC10","Racomitrium lanuginosum",8
"748","BARROW","BD","BDC10","Salix rotundifolia",29
"749","BARROW","BD","BDC10","Saxifraga punctata",3
"750","BARROW","BD","BDC10","Stellaria longipes",4
"751","BARROW","BD","BDC11","Alectoria nigricans",10
"752","BARROW","BD","BDC11","Arctagrostis latifolia",3
"753","BARROW","BD","BDC11","Cassiope tetragona",43
"754","BARROW","BD","BDC11","Cetraria ericetorum",2
"755","BARROW","BD","BDC11","Cetraria laevigata",1
"756","BARROW","BD","BDC11","Cladonia uncialis",1
"757","BARROW","BD","BDC11","Cornicularia divergens",7
"758","BARROW","BD","BDC11","Dactylina arctica",9
"759","BARROW","BD","BDC11","Hylocomium splendens",8
"760","BARROW","BD","BDC11","Luzula confusa",4
"761","BARROW","BD","BDC11","Pedicularis lanata",1
"762","BARROW","BD","BDC11","Peltigera aphthosa",3
"763","BARROW","BD","BDC11","Poa arctica",5
"764","BARROW","BD","BDC11","Racomitrium lanuginosum",4
"765","BARROW","BD","BDC11","Salix rotundifolia",19
"766","BARROW","BD","BDC11","Saxifraga punctata",2
"767","BARROW","BD","BDC11","Sphaerophorus globosus",1
"768","BARROW","BD","BDC11","Stellaria longipes",3
"769","BARROW","BD","BDC12","Alectoria nigricans",2
"770","BARROW","BD","BDC12","Arctagrostis latifolia",1
"771","BARROW","BD","BDC12","Aulacomnium palustre",4
"772","BARROW","BD","BDC12","Cassiope tetragona",42
"773","BARROW","BD","BDC12","Cetraria cucullata",7
"774","BARROW","BD","BDC12","Cetraria islandica",1
"775","BARROW","BD","BDC12","Cetraria laevigata",3
"776","BARROW","BD","BDC12","Cornicularia divergens",1
"777","BARROW","BD","BDC12","Dactylina arctica",7
"778","BARROW","BD","BDC12","Dicranum elongatum",2
"779","BARROW","BD","BDC12","Dicranum spadiceum",4
"780","BARROW","BD","BDC12","Hylocomium splendens",10
"781","BARROW","BD","BDC12","Luzula nivalis",1
"782","BARROW","BD","BDC12","Luzula confusa",1
"783","BARROW","BD","BDC12","Pedicularis lanata",3
"784","BARROW","BD","BDC12","Peltigera canina",2
"785","BARROW","BD","BDC12","Poa arctica",2
"786","BARROW","BD","BDC12","Potentilla hyparctica",15
"787","BARROW","BD","BDC12","Racomitrium lanuginosum",3
"788","BARROW","BD","BDC12","Salix rotundifolia",22
"789","BARROW","BD","BDC12","Saxifraga punctata",5
"790","BARROW","BD","BDC12","Sphaerophorus globosus",1
"791","BARROW","BD","BDC12","Stellaria longipes",1
"792","BARROW","BD","BDC13","Arctagrostis latifolia",16
"793","BARROW","BD","BDC13","Cassiope tetragona",49
"794","BARROW","BD","BDC13","Cetraria cucullata",2
"795","BARROW","BD","BDC13","Cetraria laevigata",1
"796","BARROW","BD","BDC13","Cetraria richardsonii",1
"797","BARROW","BD","BDC13","Cladonia gracilis",1
"798","BARROW","BD","BDC13","Cornicularia divergens",2
"799","BARROW","BD","BDC13","Dactylina arctica",7
"800","BARROW","BD","BDC13","Hylocomium splendens",18
"801","BARROW","BD","BDC13","Luzula confusa",1
"802","BARROW","BD","BDC13","Pedicularis lanata",1
"803","BARROW","BD","BDC13","Peltigera aphthosa",2
"804","BARROW","BD","BDC13","Peltigera malacea",3
"805","BARROW","BD","BDC13","Peltigera rufescens",1
"806","BARROW","BD","BDC13","Poa arctica",6
"807","BARROW","BD","BDC13","Potentilla hyparctica",6
"808","BARROW","BD","BDC13","Salix rotundifolia",22
"809","BARROW","BD","BDC13","Saxifraga punctata",4
"810","BARROW","BD","BDC13","Stellaria longipes",2
"811","BARROW","BD","BDC14","Alectoria nigricans",20
"812","BARROW","BD","BDC14","Alectoria ochroleuca",1
"813","BARROW","BD","BDC14","Cassiope tetragona",26
"814","BARROW","BD","BDC14","Cetraria cucullata",4
"815","BARROW","BD","BDC14","Cetraria islandica",1
"816","BARROW","BD","BDC14","Cladina mitis",1
"817","BARROW","BD","BDC14","Cladonia pyxidata",2
"818","BARROW","BD","BDC14","Cornicularia divergens",4
"819","BARROW","BD","BDC14","Dactylina arctica",3
"820","BARROW","BD","BDC14","Dicranum spadiceum",9
"821","BARROW","BD","BDC14","Hylocomium splendens",3
"822","BARROW","BD","BDC14","Luzula confusa",3
"823","BARROW","BD","BDC14","Pedicularis lanata",1
"824","BARROW","BD","BDC14","Poa arctica",19
"825","BARROW","BD","BDC14","Potentilla hyparctica",1
"826","BARROW","BD","BDC14","Racomitrium lanuginosum",1
"827","BARROW","BD","BDC14","Rhytidium rugosum",1
"828","BARROW","BD","BDC14","Salix rotundifolia",25
"829","BARROW","BD","BDC14","Saxifraga punctata",2
"830","BARROW","BD","BDC14","Sphaerophorus globosus",3
"831","BARROW","BD","BDC14","Stellaria longipes",3
"832","BARROW","BD","BDC15","Alectoria nigricans",8
"833","BARROW","BD","BDC15","Alectoria ochroleuca",1
"834","BARROW","BD","BDC15","Arctagrostis latifolia",1
"835","BARROW","BD","BDC15","Cassiope tetragona",40
"836","BARROW","BD","BDC15","Cetraria cucullata",6
"837","BARROW","BD","BDC15","Cetraria laevigata",2
"838","BARROW","BD","BDC15","Cornicularia divergens",3
"839","BARROW","BD","BDC15","Dactylina arctica",3
"840","BARROW","BD","BDC15","Dicranum spadiceum",4
"841","BARROW","BD","BDC15","Hylocomium splendens",8
"842","BARROW","BD","BDC15","Luzula confusa",4
"843","BARROW","BD","BDC15","Papaver lapponicum",1
"844","BARROW","BD","BDC15","Poa arctica",5
"845","BARROW","BD","BDC15","Potentilla hyparctica",22
"846","BARROW","BD","BDC15","Racomitrium lanuginosum",2
"847","BARROW","BD","BDC15","Salix rotundifolia",29
"848","BARROW","BD","BDC15","Saxifraga punctata",1
"849","BARROW","BD","BDC15","Sphaerophorus globosus",1
"850","BARROW","BD","BDC15","Stellaria longipes",5
"851","BARROW","BD","BDC16","Alectoria nigricans",9
"852","BARROW","BD","BDC16","Alectoria ochroleuca",1
"853","BARROW","BD","BDC16","Cassiope tetragona",39
"854","BARROW","BD","BDC16","Cetraria cucullata",2
"855","BARROW","BD","BDC16","Cetraria laevigata",1
"856","BARROW","BD","BDC16","Cetraria nivalis",1
"857","BARROW","BD","BDC16","Cladonia gracilis",4
"858","BARROW","BD","BDC16","Cornicularia divergens",3
"859","BARROW","BD","BDC16","Dactylina arctica",5
"860","BARROW","BD","BDC16","Dicranum spadiceum",2
"861","BARROW","BD","BDC16","Hylocomium splendens",2
"862","BARROW","BD","BDC16","Luzula confusa",4
"863","BARROW","BD","BDC16","Peltigera aphthosa",1
"864","BARROW","BD","BDC16","Poa arctica",9
"865","BARROW","BD","BDC16","Racomitrium lanuginosum",3
"866","BARROW","BD","BDC16","Rhytidium rugosum",1
"867","BARROW","BD","BDC16","Salix rotundifolia",37
"868","BARROW","BD","BDC16","Saxifraga punctata",1
"869","BARROW","BD","BDC16","Tomentypnum nitens",2
"870","BARROW","BD","BDC17","Cassiope tetragona",11
"871","BARROW","BD","BDC17","Cetraria cucullata",4
"872","BARROW","BD","BDC17","Cetraria laevigata",1
"873","BARROW","BD","BDC17","Cladina mitis",3
"874","BARROW","BD","BDC17","Cornicularia divergens",6
"875","BARROW","BD","BDC17","Dactylina arctica",11
"876","BARROW","BD","BDC17","Dicranum spadiceum",9
"877","BARROW","BD","BDC17","Luzula confusa",2
"878","BARROW","BD","BDC17","Poa arctica",6
"879","BARROW","BD","BDC17","Rhytidium rugosum",1
"880","BARROW","BD","BDC17","Salix rotundifolia",45
"881","BARROW","BD","BDC17","Saxifraga punctata",10
"882","BARROW","BD","BDC17","Sphaerophorus globosus",1
"883","BARROW","BD","BDC17","Stellaria longipes",1
"884","BARROW","BD","BDC18","Alectoria ochroleuca",2
"885","BARROW","BD","BDC18","Cassiope tetragona",48
"886","BARROW","BD","BDC18","Cetraria cucullata",3
"887","BARROW","BD","BDC18","Cetraria laevigata",1
"888","BARROW","BD","BDC18","Cladina mitis",2
"889","BARROW","BD","BDC18","Cornicularia divergens",10
"890","BARROW","BD","BDC18","Dactylina arctica",10
"891","BARROW","BD","BDC18","Dicranum spadiceum",5
"892","BARROW","BD","BDC18","Luzula confusa",10
"893","BARROW","BD","BDC18","Peltigera aphthosa",2
"894","BARROW","BD","BDC18","Peltigera rufescens",2
"895","BARROW","BD","BDC18","Potentilla hyparctica",1
"896","BARROW","BD","BDC18","Rhytidium rugosum",1
"897","BARROW","BD","BDC18","Salix rotundifolia",23
"898","BARROW","BD","BDC18","Saxifraga punctata",3
"899","BARROW","BD","BDC19","Alectoria nigricans",1
"900","BARROW","BD","BDC19","Alectoria ochroleuca",3
"901","BARROW","BD","BDC19","Cassiope tetragona",36
"902","BARROW","BD","BDC19","Cetraria cucullata",4
"903","BARROW","BD","BDC19","Cetraria laevigata",5
"904","BARROW","BD","BDC19","Cladonia gracilis",3
"905","BARROW","BD","BDC19","Cornicularia divergens",2
"906","BARROW","BD","BDC19","Dactylina arctica",10
"907","BARROW","BD","BDC19","Dicranum elongatum",1
"908","BARROW","BD","BDC19","Dicranum spadiceum",5
"909","BARROW","BD","BDC19","Luzula confusa",10
"910","BARROW","BD","BDC19","Poa arctica",3
"911","BARROW","BD","BDC19","Pohlia cruda",1
"912","BARROW","BD","BDC19","Potentilla hyparctica",6
"913","BARROW","BD","BDC19","Rhytidium rugosum",6
"914","BARROW","BD","BDC19","Salix rotundifolia",32
"915","BARROW","BD","BDC19","Sphaerophorus globosus",4
"916","BARROW","BD","BDC20","Alectoria nigricans",15
"917","BARROW","BD","BDC20","Aulacomnium turgidum",3
"918","BARROW","BD","BDC20","Cassiope tetragona",15
"919","BARROW","BD","BDC20","Cetraria cucullata",8
"920","BARROW","BD","BDC20","Cetraria delisei",7
"921","BARROW","BD","BDC20","Cetraria laevigata",1
"922","BARROW","BD","BDC20","Cetraria richardsonii",2
"923","BARROW","BD","BDC20","Cladonia uncialis",1
"924","BARROW","BD","BDC20","Dactylina arctica",3
"925","BARROW","BD","BDC20","Dicranum elongatum",1
"926","BARROW","BD","BDC20","Dicranum spadiceum",2
"927","BARROW","BD","BDC20","Hylocomium splendens",6
"928","BARROW","BD","BDC20","Luzula confusa",2
"929","BARROW","BD","BDC20","Papaver lapponicum",1
"930","BARROW","BD","BDC20","Peltigera aphthosa",1
"931","BARROW","BD","BDC20","Poa arctica",4
"932","BARROW","BD","BDC20","Potentilla hyparctica",3
"933","BARROW","BD","BDC20","Racomitrium lanuginosum",2
"934","BARROW","BD","BDC20","Salix rotundifolia",41
"935","BARROW","BD","BDC20","Stellaria longipes",3
"936","BARROW","BD","BDC20","Vaccinium vitis-idaea",5
"937","BARROW","BD","BDC21","Arctagrostis latifolia",4
"938","BARROW","BD","BDC21","Cassiope tetragona",34
"939","BARROW","BD","BDC21","Cetraria cucullata",1
"940","BARROW","BD","BDC21","Cetraria laevigata",3
"941","BARROW","BD","BDC21","Cladonia pyxidata",1
"942","BARROW","BD","BDC21","Dactylina arctica",3
"943","BARROW","BD","BDC21","Dicranum elongatum",1
"944","BARROW","BD","BDC21","Dicranum spadiceum",3
"945","BARROW","BD","BDC21","Lobaria linita",2
"946","BARROW","BD","BDC21","Luzula confusa",12
"947","BARROW","BD","BDC21","Peltigera aphthosa",1
"948","BARROW","BD","BDC21","Poa arctica",7
"949","BARROW","BD","BDC21","Potentilla hyparctica",3
"950","BARROW","BD","BDC21","Racomitrium lanuginosum",7
"951","BARROW","BD","BDC21","Rhytidium rugosum",2
"952","BARROW","BD","BDC21","Salix rotundifolia",31
"953","BARROW","BD","BDC21","Saxifraga punctata",2
"954","BARROW","BD","BDC21","Sphaerophorus globosus",1
"955","BARROW","BD","BDC22","Alectoria nigricans",17
"956","BARROW","BD","BDC22","Aulacomnium turgidum",3
"957","BARROW","BD","BDC22","Cassiope tetragona",17
"958","BARROW","BD","BDC22","Cetraria cucullata",5
"959","BARROW","BD","BDC22","Cetraria islandica",1
"960","BARROW","BD","BDC22","Cetraria laevigata",3
"961","BARROW","BD","BDC22","Cladonia gracilis",1
"962","BARROW","BD","BDC22","Cladonia uncialis",1
"963","BARROW","BD","BDC22","Cornicularia divergens",3
"964","BARROW","BD","BDC22","Dactylina arctica",4
"965","BARROW","BD","BDC22","Dicranum elongatum",2
"966","BARROW","BD","BDC22","Dicranum spadiceum",7
"967","BARROW","BD","BDC22","Hylocomium splendens",1
"968","BARROW","BD","BDC22","Luzula confusa",9
"969","BARROW","BD","BDC22","Poa arctica",1
"970","BARROW","BD","BDC22","Potentilla hyparctica",2
"971","BARROW","BD","BDC22","Salix rotundifolia",41
"972","BARROW","BD","BDC22","Saxifraga punctata",3
"973","BARROW","BD","BDC22","Sphaerophorus globosus",2
"974","BARROW","BD","BDC22","Stellaria longipes",4
"975","BARROW","BD","BDC23","Alectoria nigricans",20
"976","BARROW","BD","BDC23","Cassiope tetragona",23
"977","BARROW","BD","BDC23","Cetraria cucullata",3
"978","BARROW","BD","BDC23","Cetraria laevigata",6
"979","BARROW","BD","BDC23","Cladina mitis",5
"980","BARROW","BD","BDC23","Cladina rangiferina",1
"981","BARROW","BD","BDC23","Cladonia gracilis",2
"982","BARROW","BD","BDC23","Cornicularia divergens",3
"983","BARROW","BD","BDC23","Dactylina arctica",4
"984","BARROW","BD","BDC23","Dicranum elongatum",1
"985","BARROW","BD","BDC23","Dicranum spadiceum",5
"986","BARROW","BD","BDC23","Luzula confusa",4
"987","BARROW","BD","BDC23","Poa arctica",1
"988","BARROW","BD","BDC23","Potentilla hyparctica",2
"989","BARROW","BD","BDC23","Racomitrium lanuginosum",4
"990","BARROW","BD","BDC23","Rhytidium rugosum",1
"991","BARROW","BD","BDC23","Salix rotundifolia",15
"992","BARROW","BD","BDC23","Saxifraga punctata",3
"993","BARROW","BD","BDC23","Sphaerophorus globosus",1
"994","BARROW","BD","BDC23","Stellaria longipes",4
"995","BARROW","BD","BDC24","Alectoria nigricans",22
"996","BARROW","BD","BDC24","Alectoria ochroleuca",1
"997","BARROW","BD","BDC24","Cassiope tetragona",15
"998","BARROW","BD","BDC24","Cetraria cucullata",3
"999","BARROW","BD","BDC24","Cetraria laevigata",3
"1000","BARROW","BD","BDC24","Cetraria richardsonii",1
"1001","BARROW","BD","BDC24","Cornicularia divergens",9
"1002","BARROW","BD","BDC24","Dactylina arctica",4
"1003","BARROW","BD","BDC24","Dicranum spadiceum",1
"1004","BARROW","BD","BDC24","Hylocomium splendens",2
"1005","BARROW","BD","BDC24","Luzula confusa",2
"1006","BARROW","BD","BDC24","Peltigera aphthosa",1
"1007","BARROW","BD","BDC24","Peltigera malacea",1
"1008","BARROW","BD","BDC24","Poa arctica",8
"1009","BARROW","BD","BDC24","Potentilla hyparctica",5
"1010","BARROW","BD","BDC24","Racomitrium lanuginosum",2
"1011","BARROW","BD","BDC24","Salix rotundifolia",41
"1012","BARROW","BD","BDC24","Sphaerophorus globosus",3
"1013","BARROW","BW","BWC01","Campylium stellatum",1
"1014","BARROW","BW","BWC01","Carex aquatilis var. minor",49
"1015","BARROW","BW","BWC01","Cetraria delisei",1
"1016","BARROW","BW","BWC01","Cochlearia officinalis",2
"1017","BARROW","BW","BWC01","Dicranum spadiceum",3
"1018","BARROW","BW","BWC01","Draba lactea",3
"1019","BARROW","BW","BWC01","Dupontia fisheri",10
"1020","BARROW","BW","BWC01","Eriophorum angustifolium subsp. triste",4
"1021","BARROW","BW","BWC01","Gymnocolea inflata",1
"1022","BARROW","BW","BWC01","Hierochloe pauciflora",5
"1023","BARROW","BW","BWC01","Loeskypnum badium",4
"1024","BARROW","BW","BWC01","Luzula nivalis",1
"1025","BARROW","BW","BWC01","Luzula confusa",1
"1026","BARROW","BW","BWC01","Meesia triquetra",2
"1027","BARROW","BW","BWC01","Oncophorus wahlenbergii",1
"1028","BARROW","BW","BWC01","Poa arctica",7
"1029","BARROW","BW","BWC01","Ptychostomum capillare",1
"1030","BARROW","BW","BWC01","Salix rotundifolia",4
"1031","BARROW","BW","BWC01","Saxifraga cernua",6
"1032","BARROW","BW","BWC01","Saxifraga foliolosa",2
"1033","BARROW","BW","BWC01","Saxifraga hieraciifolia",5
"1034","BARROW","BW","BWC01","Stellaria longipes",1
"1035","BARROW","BW","BWC02","Campylium stellatum",14
"1036","BARROW","BW","BWC02","Cardamine pratensis",1
"1037","BARROW","BW","BWC02","Carex aquatilis var. minor",22
"1038","BARROW","BW","BWC02","Cochlearia officinalis",2
"1039","BARROW","BW","BWC02","Draba lactea",2
"1040","BARROW","BW","BWC02","Dupontia fisheri",26
"1041","BARROW","BW","BWC02","Eriophorum scheuchzeri/chamissonis",20
"1042","BARROW","BW","BWC02","Eriophorum angustifolium subsp. triste",23
"1043","BARROW","BW","BWC02","Hierochloe pauciflora",1
"1044","BARROW","BW","BWC02","Oncophorus wahlenbergii",6
"1045","BARROW","BW","BWC02","Petasites frigidus",3
"1046","BARROW","BW","BWC02","Poa arctica",5
"1047","BARROW","BW","BWC02","Ptychostomum capillare",10
"1048","BARROW","BW","BWC02","Saxifraga cernua",2
"1049","BARROW","BW","BWC02","Saxifraga hirculus",18
"1050","BARROW","BW","BWC02","Stellaria longipes",5
"1051","BARROW","BW","BWC03","Calamagrostis holmii",1
"1052","BARROW","BW","BWC03","Campylium stellatum",19
"1053","BARROW","BW","BWC03","Carex aquatilis var. minor",31
"1054","BARROW","BW","BWC03","Dupontia fisheri",21
"1055","BARROW","BW","BWC03","Eriophorum scheuchzeri/chamissonis",16
"1056","BARROW","BW","BWC03","Eriophorum angustifolium subsp. triste",19
"1057","BARROW","BW","BWC03","Oncophorus wahlenbergii",2
"1058","BARROW","BW","BWC03","Peltigera rufescens",2
"1059","BARROW","BW","BWC03","Petasites frigidus",4
"1060","BARROW","BW","BWC03","Poa arctica",31
"1061","BARROW","BW","BWC03","Ptychostomum capillare",1
"1062","BARROW","BW","BWC03","Saxifraga hirculus",13
"1063","BARROW","BW","BWC03","Stellaria longipes",1
"1064","BARROW","BW","BWC04","Campylium stellatum",6
"1065","BARROW","BW","BWC04","Cardamine pratensis",1
"1066","BARROW","BW","BWC04","Carex aquatilis var. minor",20
"1067","BARROW","BW","BWC04","Cerastium beeringianum",1
"1068","BARROW","BW","BWC04","Chrysosplenium tetrandrum",1
"1069","BARROW","BW","BWC04","Dupontia fisheri",33
"1070","BARROW","BW","BWC04","Eriophorum scheuchzeri/chamissonis",15
"1071","BARROW","BW","BWC04","Eriophorum angustifolium subsp. triste",14
"1072","BARROW","BW","BWC04","Hierochloe pauciflora",6
"1073","BARROW","BW","BWC04","Oncophorus wahlenbergii",3
"1074","BARROW","BW","BWC04","Petasites frigidus",12
"1075","BARROW","BW","BWC04","Poa arctica",6
"1076","BARROW","BW","BWC04","Ptychostomum capillare",6
"1077","BARROW","BW","BWC04","Ranunculus nivalis",1
"1078","BARROW","BW","BWC04","Saxifraga cernua",2
"1079","BARROW","BW","BWC04","Saxifraga hirculus",1
"1080","BARROW","BW","BWC04","Stellaria longipes",8
"1081","BARROW","BW","BWC05","Campylium stellatum",9
"1082","BARROW","BW","BWC05","Cardamine pratensis",1
"1083","BARROW","BW","BWC05","Carex aquatilis var. minor",39
"1084","BARROW","BW","BWC05","Draba lactea",1
"1085","BARROW","BW","BWC05","Dupontia fisheri",25
"1086","BARROW","BW","BWC05","Eriophorum scheuchzeri/chamissonis",5
"1087","BARROW","BW","BWC05","Eriophorum angustifolium subsp. triste",33
"1088","BARROW","BW","BWC05","Oncophorus wahlenbergii",5
"1089","BARROW","BW","BWC05","Petasites frigidus",7
"1090","BARROW","BW","BWC05","Poa arctica",32
"1091","BARROW","BW","BWC05","Ptychostomum capillare",7
"1092","BARROW","BW","BWC05","Salix rotundifolia",3
"1093","BARROW","BW","BWC05","Saxifraga cernua",2
"1094","BARROW","BW","BWC05","Saxifraga hieraciifolia",1
"1095","BARROW","BW","BWC05","Stellaria longipes",4
"1096","BARROW","BW","BWC06","Cardamine pratensis",2
"1097","BARROW","BW","BWC06","Carex aquatilis var. minor",70
"1098","BARROW","BW","BWC06","Dicranum spadiceum",3
"1099","BARROW","BW","BWC06","Dupontia fisheri",4
"1100","BARROW","BW","BWC06","Eriophorum scheuchzeri/chamissonis",1
"1101","BARROW","BW","BWC06","Gymnocolea inflata",1
"1102","BARROW","BW","BWC06","Luzula nivalis",1
"1103","BARROW","BW","BWC06","Oncophorus wahlenbergii",3
"1104","BARROW","BW","BWC06","Petasites frigidus",4
"1105","BARROW","BW","BWC06","Poa arctica",22
"1106","BARROW","BW","BWC06","Salix rotundifolia",4
"1107","BARROW","BW","BWC06","Saxifraga cernua",1
"1108","BARROW","BW","BWC06","Saxifraga hirculus",3
"1109","BARROW","BW","BWC06","Stellaria longipes",3
"1110","BARROW","BW","BWC07","Cardamine pratensis",1
"1111","BARROW","BW","BWC07","Carex aquatilis var. minor",55
"1112","BARROW","BW","BWC07","Cerastium beeringianum",1
"1113","BARROW","BW","BWC07","Cetraria laevigata",1
"1114","BARROW","BW","BWC07","Dupontia fisheri",2
"1115","BARROW","BW","BWC07","Eriophorum scheuchzeri/chamissonis",1
"1116","BARROW","BW","BWC07","Eriophorum angustifolium subsp. triste",2
"1117","BARROW","BW","BWC07","Hierochloe pauciflora",5
"1118","BARROW","BW","BWC07","Luzula nivalis",1
"1119","BARROW","BW","BWC07","Oncophorus wahlenbergii",1
"1120","BARROW","BW","BWC07","Petasites frigidus",2
"1121","BARROW","BW","BWC07","Poa arctica",8
"1122","BARROW","BW","BWC07","Salix rotundifolia",2
"1123","BARROW","BW","BWC07","Saxifraga cernua",8
"1124","BARROW","BW","BWC07","Saxifraga hirculus",4
"1125","BARROW","BW","BWC07","Stellaria longipes",2
"1126","BARROW","BW","BWC08","Aneura pinguis",4
"1127","BARROW","BW","BWC08","Campylium stellatum",2
"1128","BARROW","BW","BWC08","Carex aquatilis var. minor",38
"1129","BARROW","BW","BWC08","Cladonia squasmosa",1
"1130","BARROW","BW","BWC08","Cochlearia officinalis",1
"1131","BARROW","BW","BWC08","Dicranum spadiceum",3
"1132","BARROW","BW","BWC08","Draba lactea",5
"1133","BARROW","BW","BWC08","Dupontia fisheri",5
"1134","BARROW","BW","BWC08","Hierochloe pauciflora",2
"1135","BARROW","BW","BWC08","Oncophorus wahlenbergii",18
"1136","BARROW","BW","BWC08","Peltigera aphthosa",1
"1137","BARROW","BW","BWC08","Poa arctica",7
"1138","BARROW","BW","BWC08","Ptychostomum capillare",19
"1139","BARROW","BW","BWC08","Salix rotundifolia",2
"1140","BARROW","BW","BWC08","Saxifraga cernua",5
"1141","BARROW","BW","BWC08","Saxifraga foliolosa",1
"1142","BARROW","BW","BWC08","Saxifraga hieraciifolia",2
"1143","BARROW","BW","BWC08","Saxifraga hirculus",21
"1144","BARROW","BW","BWC08","Silene uralensis subsp. apetala",1
"1145","BARROW","BW","BWC08","Stellaria longipes",9
"1146","BARROW","BW","BWC09","Carex aquatilis var. minor",12
"1147","BARROW","BW","BWC09","Cetraria laevigata",2
"1148","BARROW","BW","BWC09","Dactylina arctica",1
"1149","BARROW","BW","BWC09","Dupontia fisheri",39
"1150","BARROW","BW","BWC09","Eriophorum scheuchzeri/chamissonis",2
"1151","BARROW","BW","BWC09","Hierochloe pauciflora",23
"1152","BARROW","BW","BWC09","Luzula confusa",7
"1153","BARROW","BW","BWC09","Peltigera canina",1
"1154","BARROW","BW","BWC09","Petasites frigidus",2
"1155","BARROW","BW","BWC09","Poa arctica",10
"1156","BARROW","BW","BWC09","Ptychostomum capillare",2
"1157","BARROW","BW","BWC09","Ranunculus nivalis",1
"1158","BARROW","BW","BWC09","Saxifraga cernua",16
"1159","BARROW","BW","BWC09","Saxifraga foliolosa",1
"1160","BARROW","BW","BWC09","Stellaria longipes",13
"1161","BARROW","BW","BWC10","Campylium stellatum",2
"1162","BARROW","BW","BWC10","Carex aquatilis var. minor",26
"1163","BARROW","BW","BWC10","Cetraria delisei",42
"1164","BARROW","BW","BWC10","Cetraria islandica",6
"1165","BARROW","BW","BWC10","Dactylina arctica",3
"1166","BARROW","BW","BWC10","Dupontia fisheri",8
"1167","BARROW","BW","BWC10","Hierochloe pauciflora",2
"1168","BARROW","BW","BWC10","Hylocomium splendens",1
"1169","BARROW","BW","BWC10","Oncophorus wahlenbergii",5
"1170","BARROW","BW","BWC10","Petasites frigidus",5
"1171","BARROW","BW","BWC10","Poa arctica",4
"1172","BARROW","BW","BWC10","Ptychostomum capillare",1
"1173","BARROW","BW","BWC10","Salix rotundifolia",11
"1174","BARROW","BW","BWC10","Saxifraga cernua",4
"1175","BARROW","BW","BWC10","Saxifraga hirculus",29
"1176","BARROW","BW","BWC10","Stellaria longipes",4
"1177","BARROW","BW","BWC11","Brachythecium turgidum",7
"1178","BARROW","BW","BWC11","Campylium stellatum",2
"1179","BARROW","BW","BWC11","Carex aquatilis var. minor",35
"1180","BARROW","BW","BWC11","Cetraria delisei",11
"1181","BARROW","BW","BWC11","Cetraria islandica",1
"1182","BARROW","BW","BWC11","Cladonia squasmosa",1
"1183","BARROW","BW","BWC11","Dicranum spadiceum",1
"1184","BARROW","BW","BWC11","Draba lactea",3
"1185","BARROW","BW","BWC11","Dupontia fisheri",20
"1186","BARROW","BW","BWC11","Eriophorum scheuchzeri/chamissonis",1
"1187","BARROW","BW","BWC11","Eriophorum angustifolium subsp. triste",10
"1188","BARROW","BW","BWC11","Luzula nivalis",4
"1189","BARROW","BW","BWC11","Oncophorus wahlenbergii",6
"1190","BARROW","BW","BWC11","Peltigera canina",1
"1191","BARROW","BW","BWC11","Poa arctica",12
"1192","BARROW","BW","BWC11","Ptychostomum capillare",3
"1193","BARROW","BW","BWC11","Salix rotundifolia",2
"1194","BARROW","BW","BWC11","Saxifraga cernua",5
"1195","BARROW","BW","BWC11","Saxifraga hieraciifolia",1
"1196","BARROW","BW","BWC11","Stellaria longipes",1
"1197","BARROW","BW","BWC11","Tomentypnum nitens",2
"1198","BARROW","BW","BWC12","Brachythecium turgidum",1
"1199","BARROW","BW","BWC12","Campylium stellatum",1
"1200","BARROW","BW","BWC12","Carex aquatilis var. minor",19
"1201","BARROW","BW","BWC12","Cerastium beeringianum",2
"1202","BARROW","BW","BWC12","Cetraria delisei",8
"1203","BARROW","BW","BWC12","Cetraria islandica",1
"1204","BARROW","BW","BWC12","Cladonia cornuta",1
"1205","BARROW","BW","BWC12","Cladonia squasmosa",5
"1206","BARROW","BW","BWC12","Dactylina arctica",1
"1207","BARROW","BW","BWC12","Dicranum spadiceum",1
"1208","BARROW","BW","BWC12","Dupontia fisheri",19
"1209","BARROW","BW","BWC12","Eriophorum scheuchzeri/chamissonis",1
"1210","BARROW","BW","BWC12","Eriophorum angustifolium subsp. triste",17
"1211","BARROW","BW","BWC12","Hierochloe pauciflora",1
"1212","BARROW","BW","BWC12","Oncophorus wahlenbergii",3
"1213","BARROW","BW","BWC12","Peltigera aphthosa",8
"1214","BARROW","BW","BWC12","Peltigera malacea",2
"1215","BARROW","BW","BWC12","Peltigera rufescens",1
"1216","BARROW","BW","BWC12","Poa arctica",6
"1217","BARROW","BW","BWC12","Ptychostomum capillare",4
"1218","BARROW","BW","BWC12","Saxifraga cernua",2
"1219","BARROW","BW","BWC12","Saxifraga hieraciifolia",4
"1220","BARROW","BW","BWC12","Saxifraga hirculus",14
"1221","BARROW","BW","BWC12","Stellaria longipes",12
"1222","BARROW","BW","BWC12","Tomentypnum nitens",2
"1223","BARROW","BW","BWC13","Aulacomnium palustre",1
"1224","BARROW","BW","BWC13","Aulacomnium turgidum",1
"1225","BARROW","BW","BWC13","Campylium stellatum",9
"1226","BARROW","BW","BWC13","Carex aquatilis var. minor",59
"1227","BARROW","BW","BWC13","Cerastium beeringianum",4
"1228","BARROW","BW","BWC13","Cetraria laevigata",1
"1229","BARROW","BW","BWC13","Cochlearia officinalis",4
"1230","BARROW","BW","BWC13","Dupontia fisheri",7
"1231","BARROW","BW","BWC13","Eriophorum scheuchzeri/chamissonis",3
"1232","BARROW","BW","BWC13","Eriophorum angustifolium subsp. triste",7
"1233","BARROW","BW","BWC13","Gymnocolea inflata",1
"1234","BARROW","BW","BWC13","Hierochloe pauciflora",3
"1235","BARROW","BW","BWC13","Luzula nivalis",2
"1236","BARROW","BW","BWC13","Luzula confusa",2
"1237","BARROW","BW","BWC13","Peltigera aphthosa",12
"1238","BARROW","BW","BWC13","Peltigera rufescens",10
"1239","BARROW","BW","BWC13","Poa arctica",5
"1240","BARROW","BW","BWC13","Ptychostomum capillare",7
"1241","BARROW","BW","BWC13","Saxifraga cernua",4
"1242","BARROW","BW","BWC13","Saxifraga foliolosa",1
"1243","BARROW","BW","BWC13","Saxifraga hirculus",13
"1244","BARROW","BW","BWC13","Stellaria longipes",5
"1245","BARROW","BW","BWC14","Brachythecium turgidum",3
"1246","BARROW","BW","BWC14","Campylium stellatum",1
"1247","BARROW","BW","BWC14","Cardamine pratensis",1
"1248","BARROW","BW","BWC14","Carex aquatilis var. minor",48
"1249","BARROW","BW","BWC14","Cornicularia divergens",1
"1250","BARROW","BW","BWC14","Dactylina arctica",1
"1251","BARROW","BW","BWC14","Dupontia fisheri",15
"1252","BARROW","BW","BWC14","Eriophorum scheuchzeri/chamissonis",3
"1253","BARROW","BW","BWC14","Eriophorum angustifolium subsp. triste",12
"1254","BARROW","BW","BWC14","Gymnocolea inflata",2
"1255","BARROW","BW","BWC14","Hierochloe pauciflora",4
"1256","BARROW","BW","BWC14","Oncophorus wahlenbergii",27
"1257","BARROW","BW","BWC14","Peltigera aphthosa",5
"1258","BARROW","BW","BWC14","Poa arctica",10
"1259","BARROW","BW","BWC14","Ptychostomum capillare",1
"1260","BARROW","BW","BWC14","Saxifraga cernua",3
"1261","BARROW","BW","BWC14","Saxifraga hieraciifolia",3
"1262","BARROW","BW","BWC14","Saxifraga hirculus",7
"1263","BARROW","BW","BWC14","Stellaria longipes",11
"1264","BARROW","BW","BWC15","Cardamine pratensis",1
"1265","BARROW","BW","BWC15","Carex aquatilis var. minor",81
"1266","BARROW","BW","BWC15","Cerastium beeringianum",4
"1267","BARROW","BW","BWC15","Dupontia fisheri",8
"1268","BARROW","BW","BWC15","Eriophorum scheuchzeri/chamissonis",4
"1269","BARROW","BW","BWC15","Eriophorum angustifolium subsp. triste",6
"1270","BARROW","BW","BWC15","Hierochloe pauciflora",9
"1271","BARROW","BW","BWC15","Luzula nivalis",1
"1272","BARROW","BW","BWC15","Luzula confusa",1
"1273","BARROW","BW","BWC15","Peltigera aphthosa",2
"1274","BARROW","BW","BWC15","Poa arctica",29
"1275","BARROW","BW","BWC15","Saxifraga cernua",7
"1276","BARROW","BW","BWC15","Saxifraga hieraciifolia",2
"1277","BARROW","BW","BWC15","Stellaria longipes",5
"1278","BARROW","BW","BWC16","Campylium stellatum",1
"1279","BARROW","BW","BWC16","Cardamine pratensis",2
"1280","BARROW","BW","BWC16","Carex aquatilis var. minor",45
"1281","BARROW","BW","BWC16","Cerastium beeringianum",7
"1282","BARROW","BW","BWC16","Dactylina arctica",1
"1283","BARROW","BW","BWC16","Dupontia fisheri",22
"1284","BARROW","BW","BWC16","Eriophorum scheuchzeri/chamissonis",9
"1285","BARROW","BW","BWC16","Eriophorum angustifolium subsp. triste",23
"1286","BARROW","BW","BWC16","Hierochloe pauciflora",2
"1287","BARROW","BW","BWC16","Peltigera aphthosa",2
"1288","BARROW","BW","BWC16","Petasites frigidus",2
"1289","BARROW","BW","BWC16","Poa arctica",7
"1290","BARROW","BW","BWC16","Saxifraga cernua",4
"1291","BARROW","BW","BWC16","Saxifraga hirculus",17
"1292","BARROW","BW","BWC16","Stellaria longipes",5
"1293","BARROW","BW","BWC17","Campylium stellatum",13
"1294","BARROW","BW","BWC17","Carex aquatilis var. minor",63
"1295","BARROW","BW","BWC17","Dupontia fisheri",36
"1296","BARROW","BW","BWC17","Eriophorum scheuchzeri/chamissonis",2
"1297","BARROW","BW","BWC17","Eriophorum angustifolium subsp. triste",5
"1298","BARROW","BW","BWC17","Gymnocolea inflata",7
"1299","BARROW","BW","BWC17","Hierochloe pauciflora",17
"1300","BARROW","BW","BWC17","Poa arctica",2
"1301","BARROW","BW","BWC17","Ptychostomum capillare",3
"1302","BARROW","BW","BWC17","Saxifraga cernua",1
"1303","BARROW","BW","BWC17","Saxifraga hirculus",1
"1304","BARROW","BW","BWC17","Stellaria longipes",2
"1305","BARROW","BW","BWC18","Campylium stellatum",60
"1306","BARROW","BW","BWC18","Cardamine pratensis",3
"1307","BARROW","BW","BWC18","Carex aquatilis var. minor",43
"1308","BARROW","BW","BWC18","Cerastium beeringianum",1
"1309","BARROW","BW","BWC18","Cochlearia officinalis",1
"1310","BARROW","BW","BWC18","Dupontia fisheri",40
"1311","BARROW","BW","BWC18","Eriophorum scheuchzeri/chamissonis",6
"1312","BARROW","BW","BWC18","Eriophorum angustifolium subsp. triste",4
"1313","BARROW","BW","BWC18","Hierochloe pauciflora",22
"1314","BARROW","BW","BWC18","Oncophorus wahlenbergii",1
"1315","BARROW","BW","BWC18","Poa arctica",1
"1316","BARROW","BW","BWC18","Saxifraga cernua",2
"1317","BARROW","BW","BWC19","Campylium stellatum",61
"1318","BARROW","BW","BWC19","Cardamine pratensis",6
"1319","BARROW","BW","BWC19","Carex aquatilis var. minor",63
"1320","BARROW","BW","BWC19","Dupontia fisheri",35
"1321","BARROW","BW","BWC19","Eriophorum scheuchzeri/chamissonis",3
"1322","BARROW","BW","BWC19","Eriophorum angustifolium subsp. triste",12
"1323","BARROW","BW","BWC19","Poa arctica",5
"1324","BARROW","BW","BWC19","Ptychostomum capillare",2
"1325","BARROW","BW","BWC19","Saxifraga cernua",1
"1326","BARROW","BW","BWC19","Stellaria longipes",3
"1327","BARROW","BW","BWC20","Campylium stellatum",39
"1328","BARROW","BW","BWC20","Cardamine pratensis",3
"1329","BARROW","BW","BWC20","Carex aquatilis var. minor",30
"1330","BARROW","BW","BWC20","Carex subspathacea",25
"1331","BARROW","BW","BWC20","Chrysosplenium tetrandrum",1
"1332","BARROW","BW","BWC20","Cochlearia officinalis",1
"1333","BARROW","BW","BWC20","Dupontia fisheri",22
"1334","BARROW","BW","BWC20","Eriophorum scheuchzeri/chamissonis",2
"1335","BARROW","BW","BWC20","Eriophorum angustifolium subsp. triste",3
"1336","BARROW","BW","BWC20","Hierochloe pauciflora",1
"1337","BARROW","BW","BWC20","Poa arctica",1
"1338","BARROW","BW","BWC20","Saxifraga cernua",4
"1339","BARROW","BW","BWC20","Saxifraga foliolosa",2
"1340","BARROW","BW","BWC21","Campylium stellatum",9
"1341","BARROW","BW","BWC21","Cardamine pratensis",3
"1342","BARROW","BW","BWC21","Carex aquatilis var. minor",49
"1343","BARROW","BW","BWC21","Dupontia fisheri",19
"1344","BARROW","BW","BWC21","Eriophorum scheuchzeri/chamissonis",2
"1345","BARROW","BW","BWC21","Eriophorum angustifolium subsp. triste",43
"1346","BARROW","BW","BWC21","Gymnocolea inflata",4
"1347","BARROW","BW","BWC21","Hierochloe pauciflora",4
"1348","BARROW","BW","BWC21","Oncophorus wahlenbergii",15
"1349","BARROW","BW","BWC21","Poa arctica",2
"1350","BARROW","BW","BWC21","Ptychostomum capillare",1
"1351","BARROW","BW","BWC21","Saxifraga cernua",4
"1352","BARROW","BW","BWC21","Saxifraga hirculus",8
"1353","BARROW","BW","BWC22","Campylium stellatum",16
"1354","BARROW","BW","BWC22","Carex aquatilis var. minor",70
"1355","BARROW","BW","BWC22","Cerastium beeringianum",2
"1356","BARROW","BW","BWC22","Dupontia fisheri",8
"1357","BARROW","BW","BWC22","Eriophorum scheuchzeri/chamissonis",3
"1358","BARROW","BW","BWC22","Eriophorum angustifolium subsp. triste",4
"1359","BARROW","BW","BWC22","Hierochloe pauciflora",3
"1360","BARROW","BW","BWC22","Luzula nivalis",1
"1361","BARROW","BW","BWC22","Oncophorus wahlenbergii",2
"1362","BARROW","BW","BWC22","Peltigera aphthosa",3
"1363","BARROW","BW","BWC22","Peltigera rufescens",5
"1364","BARROW","BW","BWC22","Petasites frigidus",1
"1365","BARROW","BW","BWC22","Poa arctica",19
"1366","BARROW","BW","BWC22","Ptychostomum capillare",1
"1367","BARROW","BW","BWC22","Saxifraga cernua",3
"1368","BARROW","BW","BWC22","Saxifraga hieraciifolia",6
"1369","BARROW","BW","BWC22","Stellaria longipes",1
"1370","BARROW","BW","BWC23","Campylium stellatum",35
"1371","BARROW","BW","BWC23","Carex aquatilis var. minor",53
"1372","BARROW","BW","BWC23","Cochlearia officinalis",2
"1373","BARROW","BW","BWC23","Dupontia fisheri",20
"1374","BARROW","BW","BWC23","Eriophorum scheuchzeri/chamissonis",3
"1375","BARROW","BW","BWC23","Eriophorum angustifolium subsp. triste",13
"1376","BARROW","BW","BWC23","Hierochloe pauciflora",2
"1377","BARROW","BW","BWC23","Petasites frigidus",9
"1378","BARROW","BW","BWC23","Poa arctica",1
"1379","BARROW","BW","BWC23","Ptychostomum capillare",2
"1380","BARROW","BW","BWC23","Saxifraga cernua",2
"1381","BARROW","BW","BWC23","Saxifraga hieraciifolia",1
"1382","BARROW","BW","BWC23","Stellaria longipes",12
"1383","BARROW","BW","BWC24","Brachythecium turgidum",4
"1384","BARROW","BW","BWC24","Campylium stellatum",9
"1385","BARROW","BW","BWC24","Cardamine pratensis",4
"1386","BARROW","BW","BWC24","Carex aquatilis var. minor",91
"1387","BARROW","BW","BWC24","Cochlearia officinalis",1
"1388","BARROW","BW","BWC24","Dupontia fisheri",16
"1389","BARROW","BW","BWC24","Eriophorum scheuchzeri/chamissonis",6
"1390","BARROW","BW","BWC24","Eriophorum angustifolium subsp. triste",8
"1391","BARROW","BW","BWC24","Gymnocolea inflata",4
"1392","BARROW","BW","BWC24","Hierochloe pauciflora",5
"1393","BARROW","BW","BWC24","Oncophorus wahlenbergii",6
"1394","BARROW","BW","BWC24","Saxifraga cernua",2
"1395","BARROW","BW","BWC24","Saxifraga hieraciifolia",2
"1396","BARROW","BW","BWC24","Stellaria longipes",2
